<markers>
	<marker name="Castelo" address="Rua da Condessa de Valença" lat="38.64351973190569" lng="-8.216521812152905" type="monumento" />
	<marker name="Anta 1 de Tourais" address="Estrada Nacional 114" lat="38.64260059929888" lng="-8.159376865959189" type="monumento" />
	<marker name="Hotel da Ameira" address="Herdade da Ameira" lat="38.64109640475479" lng="-8.180432206726096" type="hotel" />
	<marker name="Hotel Montemor" address="Avenida Gago Coutinho 8, 7050-248 Montemor-o-Novo" lat="38.64925541964039" lng="-8.216489625644726" type="hotel" />
	<marker name="Restaurante Monte Alentejano" address="Av. Gago Coutinho 8" lat="38.6492329" lng="-8.216665" type="restaurantes" />
	<marker name="Restaurante A Ribeira" address="Rua de São Domingos" lat="38.6347498199708" lng="-8.206468892765088" type="restaurantes" />
	<marker name="Núcleo Museológico do Convento de S. Domingos" address="" lat="38.643139" lng="-8.212732" type="museus" />
	<marker name="Centro Interpretativo do Castelo de Montemor-o-Novo" address="Rua Condessa de Valença" lat="38.64258748216167" lng="-8.21467108793263" type="museus" />


	
</markers>