﻿X,Y,OBJECTID,EXTRACTDATE,ORGANISATIONURI,ORGANISATIONLABEL,SERVICETYPEURI,SERVICETYPELABEL,LOCATIONTEXT,COORDINATEREFERENCESYSTEM,GEOX,GEOY,GEOPOINTLICENSINGURL,CATEGORY,ACCESSIBLECATEGORY,RADARKEYNEEDED,BABYCHANGE,FAMILYTOILET,CHANGINGPLACE,AUTOMATICPUBLICCONVENIENCE,FULLTIMESTAFFING,PARTOFCOMMUNITYSCHEME,COMMUNITYSCHEMENAME,CHARGEAMOUNT,INFOURL,OPENINGHOURS,MANAGEDBY,REPORTEMAIL,REPORTTEL,NOTES,UPRN,POSTCODE,STREETADDRESS,GEOAREAURI,GEOAREALABEL
-1.076064919561332,54.01603983242525,324,16/09/2015,http://opendatacommunities.org/doc/unitary-authority/york,York,http://id.esd.org.uk/service/579,Public toilets,"Haxby, town centre",OSGB36,460634.59998851,458175.04999029,http://www.ordnancesurvey.co.uk/business-and-government/help-and-support/public-sector/guidance/derived-data-exemptions.html,Female and male,,Yes,Yes,No,No,No,No,,,£0.40,http://www.york.gov.uk/directory_record/481/haxby_town_centre_public_toilets,"Mar 1-Sept 30 08:00-20:00, Oct 1-Feb 28 08:00-18:00",Healthmatic,ycc@york.gov.uk,01249 823143,40p charge except Accessible & Changing Places,200004767917,YO32 2LU,"The Village, Haxby, York",,
-1.079473112522542,53.9567183906182,325,16/09/2015,http://opendatacommunities.org/doc/unitary-authority/york,York,http://id.esd.org.uk/service/579,Public toilets,Coppergate Shopping Centre,OSGB36,460498.65186039,451573.04998414,http://www.ordnancesurvey.co.uk/business-and-government/help-and-support/public-sector/guidance/derived-data-exemptions.html,Female and male,,Yes,Yes,No,No,No,No,,,£0.40,http://www.york.gov.uk/directory_record/479/coppergate_shopping_centre_public_toilets,"Mar 1-Sept 30 08:00-20:00, Oct 1-Feb 28 08:00-18:00",Healthmatic,ycc@york.gov.uk,01249 823143,40p charge except Accessible & Changing Places,200004768314,YO1 6NY,"Castle Walk, York",,
-1.090415579221012,53.955442280004142,326,16/09/2015,http://opendatacommunities.org/doc/unitary-authority/york,York,http://id.esd.org.uk/service/579,Public toilets,Nunnery Lane,OSGB36,459785.12533172,451421.7295,http://www.ordnancesurvey.co.uk/business-and-government/help-and-support/public-sector/guidance/derived-data-exemptions.html,Female and male,,Yes,Yes,No,No,No,No,,,£0.40,http://www.york.gov.uk/directory_record/482/nunnery_lane_public_toilets,"Mar 1-Sept 30 08:00-20:00, Oct 1-Feb 28 08:00-18:00",Healthmatic,ycc@york.gov.uk,01249 823143,40p charge except Accessible & Changing Places. Car park,200004776704,YO23 1AB,"Nunnery Lane Car Park, Nunnery Lane, York",,
-1.079741099402346,53.954072610400488,327,16/09/2015,http://opendatacommunities.org/doc/unitary-authority/york,York,http://id.esd.org.uk/service/579,Public toilets,St George's Field,OSGB36,460487.55160437,451278.38396787,http://www.ordnancesurvey.co.uk/business-and-government/help-and-support/public-sector/guidance/derived-data-exemptions.html,Female and male,,Yes,Yes,No,No,No,No,,,£0.40,http://www.york.gov.uk/directory_record/484/st_georges_field_public_toilets,"Mar 1-Sept 30 08:00-20:00, Oct 1-Feb 28 08:00-18:00",Healthmatic,ycc@york.gov.uk,01249 823143,40p charge except Accessible & Changing Places. Subject to closing if river is in flood,200004776851,,"St Georges Field Car Park, Tower Street, York",,
-1.083398143978681,53.965993853999301,328,16/09/2015,http://opendatacommunities.org/doc/unitary-authority/york,York,http://id.esd.org.uk/service/579,Public toilets,Union Terrace,OSGB36,460230.41867614,452601.6160331,http://www.ordnancesurvey.co.uk/business-and-government/help-and-support/public-sector/guidance/derived-data-exemptions.html,Female and male,,Yes,Yes,No,Yes,No,No,,,£0.40,http://www.york.gov.uk/directory_record/489/union_terrace_public_toilets,Jan-Dec 08:00-20:00,Healthmatic,ycc@york.gov.uk,01249 823143,40p charge except Accessible & Changing Places,010007239957,YO31 7EL,"Clarence Street, York",,
-1.129286214258527,53.953724226632744,330,16/09/2015,http://opendatacommunities.org/doc/unitary-authority/york,York,http://id.esd.org.uk/service/579,Public toilets,Front Street Public Toilets,OSGB36,457236.81969735,451198.5467518,http://www.ordnancesurvey.co.uk/business-and-government/help-and-support/public-sector/guidance/derived-data-exemptions.html,Female and male,,Yes,No,,Yes,,,,,,http://www.york.gov.uk/directory_record/480/front_street_public_toilets,08:00-20:00,York Customer Centre (environmental services),ycc@york.gov.uk,01904 551551,"Westholme ceiling track hoist, peninsular toilet and adjustable changing bench and tear off paper roll",100052211617,YO24 3BZ  ,Front Street Acomb York,,
-1.08129858708298,53.959467850973709,331,16/09/2015,http://opendatacommunities.org/doc/unitary-authority/york,York,http://id.esd.org.uk/service/579,Public toilets,Silver Street,OSGB36,460377.56680427,451877.32496043,http://www.ordnancesurvey.co.uk/business-and-government/help-and-support/public-sector/guidance/derived-data-exemptions.html,Female and male,,Yes,Yes,No,Yes,No,No,,,£0.40,http://www.york.gov.uk/directory_record/483/silver_street_public_toilets,Jan-Dec 07:00-19:00,Healthmatic,ycc@york.gov.uk,01249 823143,"40p charge except Accessible & Changing Places. Key provided by the attendant. Westholme ceiling track hoist, peninsular toilet and adjustable changing bench and tear off paper roll",010007240377,YO1 8RY,"Silver Street, York",,
-1.08620054077266,53.961379979684494,332,16/09/2015,http://opendatacommunities.org/doc/unitary-authority/york,York,http://id.esd.org.uk/service/579,Public toilets,York Explore Library (Changing Places),OSGB36,460053.19397197,452085.90784062,http://www.ordnancesurvey.co.uk/business-and-government/help-and-support/public-sector/guidance/derived-data-exemptions.html,Female and male,,No,,,Yes,,,,,,http://www.exploreyork.org.uk/client/en_GB/default/?rm=INFORMATION0|||1|||3|||true,Open during library opening hours,Changing Places,ChangingPlaces@mencap.org.uk,0207 6966019,,200004774369,YO1 7DS ,"Museum Street, York",,
-1.085237720171128,53.962539142975494,321,16/09/2015,http://opendatacommunities.org/doc/unitary-authority/york,York,http://id.esd.org.uk/service/579,Public toilets,St Leonard's Place (Exhibition Square),OSGB36,460119.79998803,452216.74998474,http://www.ordnancesurvey.co.uk/business-and-government/help-and-support/public-sector/guidance/derived-data-exemptions.html,Female and male,,Yes,Yes,No,No,No,No,,,£0.40,http://www.york.gov.uk/directory_record/485/st_leonards_place_exhibition_square,"Mar 1-Sept 30 08:00-20:00, Oct 1-Feb 28 08:00-18:00",Healthmatic,ycc@york.gov.uk,01249 823143,40p charge except Accessible & Changing Places. Will reopen in February 2015,100052211576,YO1 2EW,"Exhibition Square, York",,
